{
  "project_info": {
    "project_number": "776141884965",
    "firebase_url": "https://save-list.firebaseio.com",
    "project_id": "save-list",
    "storage_bucket": "save-list.appspot.com"
  },
  "client": [
    {
      "client_info": {
        "mobilesdk_app_id": "1:776141884965:android:6c41f5ee93bc75f1",
        "android_client_info": {
          "package_name": "com.example.fengtimo.app2"
        }
      },
      "oauth_client": [
        {
          "client_id": "776141884965-qpq8vg6lh7svfpb9jt2b1h4lffkgqe55.apps.googleusercontent.com",
          "client_type": 1,
          "android_info": {
            "package_name": "com.example.fengtimo.app2",
            "certificate_hash": "99c70c6a90940cfd22b0bccca2018ed350f1790b"
          }
        },
        {
          "client_id": "776141884965-45m520p1s1b1lg8e8k4bpth90ij455r3.apps.googleusercontent.com",
          "client_type": 3
        }
      ],
      "api_key": [
        {
          "current_key": "AIzaSyDafYu8MXPVdx1dUEuO7gQbySb8q77h35U"
        }
      ],
      "services": {
        "analytics_service": {
          "status": 1
        },
        "appinvite_service": {
          "status": 2,
          "other_platform_oauth_client": [
            {
              "client_id": "776141884965-45m520p1s1b1lg8e8k4bpth90ij455r3.apps.googleusercontent.com",
              "client_type": 3
            }
          ]
        },
        "ads_service": {
          "status": 2
        }
      }
    }
  ],
  "configuration_version": "1"
}